<?xml version="1.0" encoding="UTF-8"?>
<Presentation xmlns:xsi="http://www.w3.org/2001/XMLSchema-instance" xsi:noNamespaceSchemaLocation="PWS.xsd">

    <documentInfo>
	
        <Title>Photonics and Nanophotonics</Title>
		
        <Author>Woolly Hat Software</Author>
		
        <Version>v1.0</Version>
			
        <Comment>Slide populated by RW</Comment>
		
    </documentInfo>
	
    <defaults>
	
        <backgroundColour>DDFFDD</backgroundColour>
		
        <font>Century Gothic</font>
		
        <fontsize>12</fontsize>
		
        <fontColour>000000</fontColour>
		
        <lineColour>FF0000</lineColour>
		
        <fillColour>DDDDFF</fillColour>
		
    </defaults>
	
    <slide slideID="0" duration="5000" nextSlide="1">
	
		<text duration="-1" ystart="0.05" starttime="0" xstart="0.05" fontsize="28" font="Century Gothic" fontColour="000000"><b>Module Title:</b> Photonics and Nanophotonics
<b>Module Code:</b>ELE00025H</text>
		
		<text duration="-1" ystart="0.18" starttime="0" xstart="0.05" fontsize="22" font="Century Gothic" fontColour="000000"><b>Stream:</b> Nanotechnology</text>

		<text duration="-1" ystart="0.23" starttime="0" xstart="0.05" fontsize="22" font="Century Gothic" fontColour="000000"><b>Credit Value:</b> 10</text>

		<text duration="-1" ystart="0.28" starttime="0" xstart="0.05" fontsize="22" font="Century Gothic" fontColour="000000"><b>Module Co-ordinator:</b> Dr Eugene Avrutin</text>
		
		<text duration="-1" ystart="0.33" starttime="0" xstart="0.05" fontsize="22" font="Century Gothic" fontColour="000000"><b>Other Teaching Staff:</b> None</text>
			
		<text duration="-1" ystart="0.38" starttime="0" xstart="0.05" fontsize="22" font="Century Gothic" fontColour="000000"><b>Teaching Cycle:</b> Stage 3, Spring and Summer terms. Annually taught.</text>

		<text duration="-1" ystart="0.43" starttime="0" xstart="0.05" fontsize="22" font="Century Gothic" fontColour="000000"><b>Indicative JACS code:</b> H600 (Electronic Engineering)</text>

		<text duration="-1" ystart="0.49" starttime="0" xstart="0.05" fontsize="28" font="Century Gothic" fontcolour="000000"><b>Module aims:</b></text>

		<text duration="-1" ystart="0.54" starttime="0" xstart="0.05" fontsize="22" font="Century Gothic" fontcolour="000000">Explain the operating principles and main technical characteristics of major photonic components (advanced sources and receivers, al-optical signal processing components) and their impact on system design.
Explain the optical properties of nanostructures (quantum wells, wires, dots) and their main differences from those of bulk materials
Explain the new possibilities offered by the use of nanostructures in photonic components </text>

		<text duration="-1" ystart="0.74" starttime="0" xstart="0.05" fontsize="28" font="Century Gothic" fontcolour="000000"><b>Module learning outcomes:</b></text>
		
		<text duration="-1" ystart="0.79" starttime="0" xstart="0.05" fontsize="22" font="Century Gothic" fontcolour="000000">List, and have an appreciation of, the major technical characteristics of traditional and advanced optoelectronic components. Distinguish between different types of nanostructures (wells, wires, dots), describe the bandstructure of semiconductor nanostructure and its effect on optical properties. Explain how the optical properties of nanostructures affect the performance of optoelectronic devices.</text>

		<text duration="-1" ystart="0.90" starttime="0" xstart="0.90" fontsize="24" font="Century Gothic" fontColour="000000"><b>1</b></text>

		<video sourceFile="Nanophotonics.mp4" xstart="0.65" ystart="0.18" starttime="0" duration="-1" loop="true" width="1" height="1" />

		<audio sourceFile="zap.wav" starttime="0" duration="3" loop="false" />
		
    </slide>	

    <slide slideID="1" duration="5000" nextSlide="2">
	
		<text duration="-1" ystart="0.05" starttime="0" xstart="0.05" fontsize="28" font="Century Gothic" fontColour="000000"><b>Module Title:</b> Photonics and Nanophotonics</text>
		
		<text duration="-1" ystart="0.18" starttime="0" xstart="0.05" fontsize="28" font="Century Gothic" fontcolour="000000"><b>Constraints:</b></text>
		
		<text duration="-1" ystart="0.23" starttime="0" xstart="0.07" fontsize="22" font="Century Gothic" fontcolour="000000"><b>-Pre-requisite modules:</b>Semiconductor Devices, 
High Speed Electronics, EM Fields and Waves</text>
		
		<text duration="-1" ystart="0.32" starttime="0" xstart="0.07" fontsize="22" font="Century Gothic" fontcolour="000000"><b>-Co-requisite modules:</b>None</text>
		
		<text duration="-1" ystart="0.41" starttime="0" xstart="0.07" fontsize="22" font="Century Gothic" fontcolour="000000"><b>-Prohibited combinations:</b>Mutually exclusive with 
Flight Control</text>
		
		<text duration="-1" ystart="0.50" starttime="0" xstart="0.07" fontsize="22" font="Century Gothic" fontcolour="000000"><b>-Shared teaching:</b>N/A</text>

		<text duration="-1" ystart="0.54" starttime="0" xstart="0.54" fontsize="28" font="Century Gothic" fontcolour="000000"><b>Breakdown of Module workload:</b></text>
		
		<text duration="-1" ystart="0.59" starttime="0" xstart="0.56" fontsize="22" font="Century Gothic" fontcolour="000000"><b>Lectures:</b>18 hours</text>
		
		<text duration="-1" ystart="0.64" starttime="0" xstart="0.56" fontsize="22" font="Century Gothic" fontcolour="000000"><b>Practicals:</b>0 hours</text>
		
		<text duration="-1" ystart="0.69" starttime="0" xstart="0.56" fontsize="22" font="Century Gothic" fontcolour="000000"><b>Workshops:</b>4 hours</text>
		
		<text duration="-1" ystart="0.74" starttime="0" xstart="0.56" fontsize="22" font="Century Gothic" fontcolour="000000"><b>Tutorials:</b>0 hours</text>

		<text duration="-1" ystart="0.79" starttime="0" xstart="0.56" fontsize="22" font="Century Gothic" fontcolour="000000"><b>Supervision:</b>0 hours</text>
		
		<text duration="-1" ystart="0.84" starttime="0" xstart="0.56" fontsize="22" font="Century Gothic" fontcolour="000000"><b>Private Study:</b>76.5 hours</text>
		
		<text duration="-1" ystart="0.89" starttime="0" xstart="0.56" fontsize="22" font="Century Gothic" fontcolour="000000"><b>Assessment:</b>1.5 hours</text>

		<text duration="-1" ystart="0.90" starttime="0" xstart="0.90" fontsize="28" font="Century Gothic" fontcolour="000000"><b>2</b></text>

		<image sourceFile="DummyPicture.jpg" starttime="0" duration="300000" xstart="0.10" ystart="0.62" width="0.25" height="0.3" />

		<image sourceFile="DummyPicture.jpg" starttime="0" duration="300000" xstart="0.62" ystart="0.15" width="0.25" height="0.3" />

		<audio sourceFile="zap.wav" starttime="0" duration="3" loop="false" />

		
    </slide>	

    <slide slideID="2" duration="5000" nextSlide="3">
	
		<text duration="-1" ystart="0.05" starttime="0" xstart="0.05" fontsize="28" font="Century Gothic" fontcolour="000000"><b>Module Title:</b> Photonics and Nanophotonics</text>

		<text duration="-1" ystart="0.18" starttime="0" xstart="0.05" fontsize="28" font="Century Gothic" fontcolour="000000"><b>Further information about module content:</b></text>

		<text duration="-1" ystart="0.22" starttime="0" xstart="0.05" fontsize="22" font="Century Gothic" fontcolour="000000">Overview of applications of photonics and nanophotonics. Main photonic devices: sources, receivers, amplifiers, modulators. Free-space, fibre, and on-chip integrated optical system architectures. Advanced devices: ultrafast sources, amplifiers as keys, optical isolators, all-optical signal processing elements and subsystems. Methods of light localisation on nanoscale: photonic nanowires, photonic bandgaps, plasmonic waveguides. Examples of photonic nanowire based devices and systems: ring resonators and modulators, application in computing and communications.  Photonic bandgap physics and device applications. Principle and applications of plasmonics. Optical properties of semiconductor nanostructures: quantum wells, wires, and dots. Effect of optical and kinetic properties of nanostructures on photonic device performance: dynamics, spectra.  Advantages of nanostructure media over bulk materials in opto electronics and photonics. New possibilities associated with the use of nanostructures in photonics.  Strategies and challenges in photonic and nanophotonic device fabrication.</text>

		<text duration="-1" ystart="0.90" starttime="0" xstart="0.90" fontsize="28" font="Century Gothic" fontcolour="000000"><b>3</b></text>

		<audio sourceFile="zap.wav" starttime="0" duration="3" loop="false" />

		
    </slide>

    <slide slideID="3" duration="5000" nextSlide="4">

		<text duration="-1" ystart="0.05" starttime="0" xstart="0.05" fontsize="28" font="Century Gothic" fontColour="000000"><b>Module Title:</b> Photonics and Nanophotonics</text>
		
		<text duration="-1" ystart="0.20" starttime="0" xstart="0.05" fontsize="28" font="Century Gothic" fontColour="000000"><b>Assessment:</b></text>

		<text duration="-1" ystart="0.24" starttime="0" xstart="0.05" fontsize="22" font="Century Gothic" fontColour="000000">Exam - Photonics and Nanophotonics - 100%</text>

		<text duration="-1" ystart="0.45" starttime="0" xstart="0.05" fontsize="28" font="Century Gothic" fontColour="000000"><b>Feedback to Students:</b></text>

		<text duration="-1" ystart="0.49" starttime="0" xstart="0.05" fontsize="22" font="Century Gothic" fontColour="000000">Worked exam solutions to be placed online.</text>
		
		<text duration="-1" ystart="0.70" starttime="0" xstart="0.05" fontsize="28" font="Century Gothic" fontColour="000000"><b>Reading List:</b></text>

		<text duration="-1" ystart="0.74" starttime="0" xstart="0.05" fontsize="22" font="Century Gothic" fontColour="000000">G.P. Agrawal, "Fiber-optic communications systems", Wiley 1998, ISBN 0-471-17540-4
Booth, KM, and Hill, SL, "The essence of Optoelectronics", Prentice Hall, 1998. ISBN 0-135-33654-6.
P. Prasad, Nanophotonics, Hoboken, NJ: Wiley, 2004, ISBN 0-471- 64988-4</text>

		<text duration="-1" ystart="0.90" starttime="0" xstart="0.90" fontsize="24" font="Century Gothic" fontColour="000000"><b>4</b></text>

		<audio sourceFile="zap.wav" starttime="0" duration="3" loop="false" />
		
    </slide>	

    <slide slideID="4" duration="5000" nextSlide="5">
	
		<text duration="-1" ystart="0.05" starttime="0" xstart="0.05" fontsize="28" font="Century Gothic" fontColour="000000"><b>Introduction to 
Electronic 
Hardware</b></text>

		<text duration="-1" ystart="0.05" starttime="0" xstart="0.25" fontsize="28" font="Century Gothic" fontColour="000000"><b>Analogue 
Electronics</b></text>

		<text duration="-1" ystart="0.05" starttime="0" xstart="0.45" fontsize="28" font="Century Gothic" fontColour="000000"><b>Maths and 
Programming</b></text>

		<text duration="-1" ystart="0.05" starttime="0" xstart="0.65" fontsize="28" font="Century Gothic" fontColour="000000"><b>Digital 
Electronics</b></text>

		<text duration="-1" ystart="0.25" starttime="0" xstart="0.05" fontsize="28" font="Century Gothic" fontColour="000000"><b>Semicondutor 
Devices</b></text>

		<text duration="-1" ystart="0.25" starttime="0" xstart="0.25" fontsize="28" font="Century Gothic" fontColour="000000"><b>High Speed
Electronics</b></text>
	
		<text duration="-1" ystart="0.25" starttime="0" xstart="0.45" fontsize="28" font="Century Gothic" fontColour="000000"><b>Signals and 
Systems</b></text>

		<text duration="-1" ystart="0.25" starttime="0" xstart="0.65" fontsize="28" font="Century Gothic" fontColour="000000"><b>Further Digital 
Electronics</b></text>

		<text duration="-1" ystart="0.45" starttime="0" xstart="0.45" fontsize="28" font="Century Gothic" fontColour="000000"><b>Electromagnetic
Fields and 
Waves</b></text>

		<text duration="-1" ystart="0.65" starttime="0" xstart="0.35" fontsize="28" font="Century Gothic" fontColour="000000"><b>Photonics and 
Nanophotonics</b></text>

		<text duration="-1" ystart="0.67" starttime="0" xstart="0.75" fontsize="28" font="Century Gothic" fontColour="FF0000"><b>Flight Control</b></text>

		<polygon duration="-1" starttime="-1" sourceFile="connector1.csv" lineColour="000000" fillColour="000000">
			<shading x2="0.10" x1="0.10" y2="0.25" y1="0.20" colour2="000000" colour1="000000" />
		</polygon>

		<polygon duration="-1" starttime="-1" sourceFile="connector2.csv" lineColour="000000" fillColour="000000">
			<shading x2="0.10" x1="0.10" y2="0.25" y1="0.20" colour2="000000" colour1="000000" />
		</polygon>

		<polygon duration="-1" starttime="-1" sourceFile="connector3.csv" lineColour="000000" fillColour="000000">
			<shading x2="0.10" x1="0.10" y2="0.25" y1="0.20" colour2="000000" colour1="000000" />
		</polygon>

		<polygon duration="-1" starttime="-1" sourceFile="connector4.csv" lineColour="000000" fillColour="000000">
			<shading x2="0.10" x1="0.10" y2="0.25" y1="0.20" colour2="000000" colour1="000000" />
		</polygon>

		<polygon duration="-1" starttime="-1" sourceFile="connector5.csv" lineColour="000000" fillColour="000000">
			<shading x2="0.10" x1="0.10" y2="0.25" y1="0.20" colour2="000000" colour1="000000" />
		</polygon>

		<polygon duration="-1" starttime="-1" sourceFile="connector6.csv" lineColour="000000" fillColour="000000">
			<shading x2="0.10" x1="0.10" y2="0.25" y1="0.20" colour2="000000" colour1="000000" />
		</polygon>

		<polygon duration="-1" starttime="-1" sourceFile="connector7.csv" lineColour="000000" fillColour="000000">
			<shading x2="0.10" x1="0.10" y2="0.25" y1="0.20" colour2="000000" colour1="000000" />
		</polygon>

		<polygon duration="-1" starttime="-1" sourceFile="connector8.csv" lineColour="000000" fillColour="000000">
			<shading x2="0.10" x1="0.10" y2="0.25" y1="0.20" colour2="000000" colour1="000000" />
		</polygon>

		<polygon duration="-1" starttime="-1" sourceFile="connector9.csv" lineColour="000000" fillColour="000000">
			<shading x2="0.10" x1="0.10" y2="0.25" y1="0.20" colour2="000000" colour1="000000" />
		</polygon>

		<polygon duration="-1" starttime="-1" sourceFile="connector10.csv" lineColour="000000" fillColour="000000">
			<shading x2="0.10" x1="0.10" y2="0.25" y1="0.20" colour2="000000" colour1="000000" />
		</polygon>

		<polygon duration="-1" starttime="-1" sourceFile="connector11.csv" lineColour="000000" fillColour="000000">
			<shading x2="0.10" x1="0.10" y2="0.25" y1="0.20" colour2="000000" colour1="000000" />
		</polygon>

		<polygon duration="-1" starttime="-1" sourceFile="connector12.csv" lineColour="000000" fillColour="000000">
			<shading x2="0.10" x1="0.10" y2="0.25" y1="0.20" colour2="000000" colour1="000000" />
		</polygon>

		<polygon duration="-1" starttime="-1" sourceFile="connector13.csv" lineColour="000000" fillColour="000000">
			<shading x2="0.10" x1="0.10" y2="0.25" y1="0.20" colour2="000000" colour1="000000" />
		</polygon>

		<polygon duration="-1" starttime="-1" sourceFile="connector14.csv" lineColour="000000" fillColour="000000">
			<shading x2="0.10" x1="0.10" y2="0.25" y1="0.20" colour2="000000" colour1="000000" />
		</polygon>

		<polygon duration="-1" starttime="-1" sourceFile="connector15.csv" lineColour="000000" fillColour="000000">
			<shading x2="0.10" x1="0.10" y2="0.25" y1="0.20" colour2="000000" colour1="000000" />
		</polygon>

		<polygon duration="-1" starttime="-1" sourceFile="deconnector.csv" lineColour="FF0000" fillColour="FF0000">
			<shading x2="0.10" x1="0.10" y2="0.25" y1="0.20" colour2="FF0000" colour1="FF0000" />
		</polygon>

		<audio sourceFile="zap.wav" starttime="0" duration="3" loop="false" />

		
    </slide>


</Presentation>