<?xml version="1.0" encoding="UTF-8"?>
<Presentation xmlns:xsi="http://www.w3.org/2001/XMLSchema-instance" xsi:noNamespaceSchemaLocation="PWS.xsd">

    <documentInfo>
	
        <Title>Maths and Programming</Title>
		
        <Author>Woolly Hat Software</Author>
		
        <Version>v1.0</Version>
			
        <Comment>Slide populated by RW, tested, edited and collated by MS</Comment>
		
    </documentInfo>
	
    <defaults>
	
        <backgroundColour>DDFFDD</backgroundColour>
		
        <font>Century Gothic</font>
		
        <fontsize>12</fontsize>
		
        <fontColour>000000</fontColour>
		
        <lineColour>FF0000</lineColour>
		
        <fillColour>DDDDFF</fillColour>
		
    </defaults>

    <slide slideID="0" duration="5000" nextSlide="1">
	
		<text duration="-1" ystart="0.05" starttime="0" xstart="0.05" fontsize="28" font="Century Gothic" fontColour="000000"><b>Module Title:</b> Maths and Programming
<b>Module Code:</b>ELE00002C</text>
		
		<text duration="-1" ystart="0.18" starttime="0" xstart="0.05" fontsize="22" font="Century Gothic" fontColour="000000"><b>Stream:</b> Digital and Computing</text>

		<text duration="-1" ystart="0.23" starttime="0" xstart="0.05" fontsize="22" font="Century Gothic" fontColour="000000"><b>Credit Value:</b> 20</text>

		<text duration="-1" ystart="0.28" starttime="0" xstart="0.05" fontsize="22" font="Century Gothic" fontColour="000000"><b>Module Co-ordinator:</b> Dr John Szymanski</text>
		
		<text duration="-1" ystart="0.33" starttime="0" xstart="0.05" fontsize="22" font="Century Gothic" fontColour="000000"><b>Other Teaching Staff:</b> Dr Atsufumi Hirohata, Dr Eugene Avrutin, 
Dr Adar Pelah</text>
			
		<text duration="-1" ystart="0.40" starttime="0" xstart="0.05" fontsize="22" font="Century Gothic" fontColour="000000"><b>Teaching Cycle:</b> Autumn term. Annually taught.</text>

		<text duration="-1" ystart="0.45" starttime="0" xstart="0.05" fontsize="22" font="Century Gothic" fontColour="000000"><b>Indicative JACS code:</b> H600 (Electronic Engineering)</text>

		<text duration="-1" ystart="0.48" starttime="0" xstart="0.05" fontsize="28" font="Century Gothic" fontcolour="000000"><b>Module aims:</b></text>

		<text duration="-1" ystart="0.53" starttime="0" xstart="0.05" fontsize="22" font="Century Gothic" fontcolour="000000">To develop an understanding of the importance of mathematical tools for the modelling and analysis of engineering systems.
To develop familiarity and fluency in a range of fundamental areas (basic algebra, complex numbers, calculus).
Develop the concepts of software design and the techniques of computer programming
Study the C Programming language as a practical tool for software implementation</text>

		<text duration="-1" ystart="0.72" starttime="0" xstart="0.05" fontsize="28" font="Century Gothic" fontcolour="000000"><b>Module learning outcomes:</b></text>
		
		<text duration="-1" ystart="0.77" starttime="0" xstart="0.05" fontsize="22" font="Century Gothic" fontcolour="000000">Display knowledge of a range of mathematical methods and be familiar with a number of basic formulae, relationships and their application. Identify the appropriate mathematical tools required to solve a range of problems involving single-variable algebra and calculus. Apply those methods, and carry out the associated calculations and manipulations required to work towards a solution. Demonstrate the ability to design programs in a second programming language. Implement programs in the C language. Test software solutions to practical problems against target specifications.</text>

		<text duration="-1" ystart="0.90" starttime="0" xstart="0.90" fontsize="24" font="Century Gothic" fontColour="000000"><b>1</b></text>

		<video sourceFile="DefiniteIntegral.mp4" xstart="0.65" ystart="0.18" starttime="0" duration="-1" loop="true" width="1" height="1" />

		<audio sourceFile="zap.wav" starttime="0" duration="3" loop="false" />
		
    </slide>	

    <slide slideID="1" duration="5000" nextSlide="2">
	
		<text duration="-1" ystart="0.05" starttime="0" xstart="0.05" fontsize="28" font="Century Gothic" fontColour="000000"><b>Module Title:</b> Maths and Programming</text>
		
		<text duration="-1" ystart="0.18" starttime="0" xstart="0.05" fontsize="28" font="Century Gothic" fontcolour="000000"><b>Constraints:</b></text>
		
		<text duration="-1" ystart="0.23" starttime="0" xstart="0.07" fontsize="22" font="Century Gothic" fontcolour="000000"><b>-Pre-requisite modules:</b> None</text>
		
		<text duration="-1" ystart="0.32" starttime="0" xstart="0.07" fontsize="22" font="Century Gothic" fontcolour="000000"><b>-Co-requisite modules:</b> None</text>
		
		<text duration="-1" ystart="0.41" starttime="0" xstart="0.07" fontsize="22" font="Century Gothic" fontcolour="000000"><b>-Prohibited combinations:</b> None</text>
		
		<text duration="-1" ystart="0.50" starttime="0" xstart="0.07" fontsize="22" font="Century Gothic" fontcolour="000000"><b>-Shared teaching:</b> BSc Stage 2 students take this module 
alongside B/MEng (Stage 1) students.</text>

		<text duration="-1" ystart="0.54" starttime="0" xstart="0.54" fontsize="28" font="Century Gothic" fontcolour="000000"><b>Breakdown of Module workload:</b></text>
		
		<text duration="-1" ystart="0.59" starttime="0" xstart="0.56" fontsize="22" font="Century Gothic" fontcolour="000000"><b>Lectures:</b> 45 hours</text>
		
		<text duration="-1" ystart="0.64" starttime="0" xstart="0.56" fontsize="22" font="Century Gothic" fontcolour="000000"><b>Practicals:</b> 27 hours</text>
		
		<text duration="-1" ystart="0.69" starttime="0" xstart="0.56" fontsize="22" font="Century Gothic" fontcolour="000000"><b>Workshops:</b> 9 hours</text>
		
		<text duration="-1" ystart="0.74" starttime="0" xstart="0.56" fontsize="22" font="Century Gothic" fontcolour="000000"><b>Tutorials:</b> 0 hours</text>

		<text duration="-1" ystart="0.79" starttime="0" xstart="0.56" fontsize="22" font="Century Gothic" fontcolour="000000"><b>Supervision:</b> 0 hours</text>
		
		<text duration="-1" ystart="0.84" starttime="0" xstart="0.56" fontsize="22" font="Century Gothic" fontcolour="000000"><b>Private Study:</b> 94 hours</text>
		
		<text duration="-1" ystart="0.89" starttime="0" xstart="0.56" fontsize="22" font="Century Gothic" fontcolour="000000"><b>Assessment:</b> 25 hours</text>

		<text duration="-1" ystart="0.90" starttime="0" xstart="0.90" fontsize="28" font="Century Gothic" fontcolour="000000"><b>2</b></text>

		<image sourceFile="Integration.jpg" starttime="0" duration="300000" xstart="0.10" ystart="0.62" width="0.3" height="0.35" />

		<image sourceFile="HelloWorld.jpg" starttime="0" duration="300000" xstart="0.57" ystart="0.09" width="0.40" height="0.4" />

		<audio sourceFile="zap.wav" starttime="0" duration="3" loop="false" />

		
    </slide>	

    <slide slideID="2" duration="5000" nextSlide="3">
	
		<text duration="-1" ystart="0.05" starttime="0" xstart="0.05" fontsize="28" font="Century Gothic" fontColour="000000"><b>Module Title:</b> Maths and Programming</text>

		<text duration="-1" ystart="0.18" starttime="0" xstart="0.05" fontsize="28" font="Century Gothic" fontcolour="000000"><b>Further information about module content:</b></text>

		<text duration="-1" ystart="0.22" starttime="0" xstart="0.05" fontsize="22" font="Century Gothic" fontcolour="000000"><b>Mathematics:</b>
Mathematics for single-input and single-output systems: Interpreting
data; graphs - normal, log-log, log-linear, polar and Bode; series
expansions of exp, sin, cos and log; trigonometric relationships;
combining two periodic signals; advanced properties of complex numbers -
exponential form, De Moivres theorem, roots of a complex number,
rotations and phasors; methods and types of differentiation;
applications of differentiation, including Taylor series expansion;
fundamentals of integration; standard integrals and  substitutions.
<b>Introduction to the C Programming language</b>
Variables, assignments, expressions, statements, equality, inequality and logical operators, conditional statements, input/output, data types, iteration, C Preprocessor, functions, recursion, arrays and strings, pointers, structures.
</text>

		<text duration="-1" ystart="0.90" starttime="0" xstart="0.90" fontsize="28" font="Century Gothic" fontcolour="000000"><b>3</b></text>

		<audio sourceFile="zap.wav" starttime="0" duration="3" loop="false" />

		
    </slide>
	
    <slide slideID="3" duration="5000" nextSlide="4">

		<text duration="-1" ystart="0.05" starttime="0" xstart="0.05" fontsize="28" font="Century Gothic" fontColour="000000"><b>Module Title:</b> Maths and Programming</text>
		
		<text duration="-1" ystart="0.20" starttime="0" xstart="0.05" fontsize="28" font="Century Gothic" fontColour="000000"><b>Assessment:</b></text>

		<text duration="-1" ystart="0.24" starttime="0" xstart="0.05" fontsize="22" font="Century Gothic" fontColour="000000">Coursework - Questions - 25%
Coursework - Lab Assessment - 25%
Exam - Introduction to Electronic Hardware - 50%</text>

		<text duration="-1" ystart="0.43" starttime="0" xstart="0.05" fontsize="28" font="Century Gothic" fontColour="000000"><b>Feedback to Students:</b></text>

		<text duration="-1" ystart="0.47" starttime="0" xstart="0.05" fontsize="22" font="Century Gothic" fontColour="000000">Weekly workshops - Immediate feedback provided to problems raised by individual students. Assignments will be marked and returned within 4 weeks. Self assessment - complete worked examples incomplete examples for students to complete. C Programming: Verbally in demonstration, and detailed marks and comments handed back within 4 weeks of hand-in.</text>

		<text duration="-1" ystart="0.65" starttime="0" xstart="0.05" fontsize="28" font="Century Gothic" fontColour="000000"><b>Reading List:</b></text>

		<text duration="-1" ystart="0.69" starttime="0" xstart="0.05" fontsize="22" font="Century Gothic" fontColour="000000">Croft, A, Davison, R and Hargreaves, M, Flint, J. Engineering Mathematics, Prentice Hall, 2012 (4th Edition) ISBN-10: 0273719777, ISBN-13: 978-0273719779.
Stroud, KA, Engineering Mathematics, 6th Edition, published by Palgrave Macmillan. ISBN 978-1403942463.
H Deitel and P Deitel, C: How to Program. Prentice Hall International. 1994.
Paul Davies, The Indispensable Guide to C with Engineering Applications, Addison Wesley, 1995.
Andy M Tyrrell, Syephen L Smith and Jonathan A Dell, Essence of C for Electronic Engineers.  Essence of Engineering. Prentice Hall, 1998.
A Kelley and I Pohl.  A book on C. 1998.</text>

		<text duration="-1" ystart="0.90" starttime="0" xstart="0.90" fontsize="24" font="Century Gothic" fontColour="000000"><b>4</b></text>

		<audio sourceFile="zap.wav" starttime="0" duration="3" loop="false" />
		
    </slide>	
</Presentation>