<?xml version="1.0" encoding="UTF-8"?>
<Presentation xmlns:xsi="http://www.w3.org/2001/XMLSchema-instance" xsi:noNamespaceSchemaLocation="PWS.xsd">

    <documentInfo>
	
        <Title>Electromagnetic Fields and Waves</Title>
		
        <Author>Woolly Hat Software</Author>
		
        <Version>v1.0</Version>
			
        <Comment>Slide populated by RW, tested, edited and collated by MS</Comment>
		
    </documentInfo>
	
    <defaults>
	
        <backgroundColour>DDFFDD</backgroundColour>
		
        <font>Century Gothic</font>
		
        <fontsize>12</fontsize>
		
        <fontColour>000000</fontColour>
		
        <lineColour>FF0000</lineColour>
		
        <fillColour>DDDDFF</fillColour>
		
    </defaults>

    <slide slideID="0" duration="5000" nextSlide="1">
	
		<text duration="-1" ystart="0.05" starttime="0" xstart="0.05" fontsize="28" font="Century Gothic" fontColour="000000"><b>Module Title:</b> Electromagnetic Fields and Waves
<b>Module Code:</b>ELE00002H</text>
		
		<text duration="-1" ystart="0.18" starttime="0" xstart="0.05" fontsize="22" font="Century Gothic" fontColour="000000"><b>Stream:</b> Electronics and Electromagnetics</text>

		<text duration="-1" ystart="0.23" starttime="0" xstart="0.05" fontsize="22" font="Century Gothic" fontColour="000000"><b>Credit Value:</b> 10</text>

		<text duration="-1" ystart="0.28" starttime="0" xstart="0.05" fontsize="22" font="Century Gothic" fontColour="000000"><b>Module Co-ordinator:</b> Dr Eugene Avrutin</text>
		
		<text duration="-1" ystart="0.33" starttime="0" xstart="0.05" fontsize="22" font="Century Gothic" fontColour="000000"><b>Other Teaching Staff:</b> Dr Martin Robinson</text>
			
		<text duration="-1" ystart="0.38" starttime="0" xstart="0.05" fontsize="22" font="Century Gothic" fontColour="000000"><b>Teaching Cycle:</b> Autumn term. Annually taught.</text>

		<text duration="-1" ystart="0.43" starttime="0" xstart="0.05" fontsize="22" font="Century Gothic" fontColour="000000"><b>Indicative JACS code:</b> H600 (Electronic Engineering)</text>

		<text duration="-1" ystart="0.48" starttime="0" xstart="0.05" fontsize="28" font="Century Gothic" fontcolour="000000"><b>Module aims:</b></text>

		<text duration="-1" ystart="0.53" starttime="0" xstart="0.05" fontsize="22" font="Century Gothic" fontcolour="000000">To introduce students to the main parameters and properties of electric and magnetic fields and to the propagation mechanisms of electromagnetic waves in free space and within materials.</text>

		<text duration="-1" ystart="0.60" starttime="0" xstart="0.05" fontsize="28" font="Century Gothic" fontcolour="000000"><b>Module learning outcomes:</b></text>
		
		<text duration="-1" ystart="0.65" starttime="0" xstart="0.05" fontsize="22" font="Century Gothic" fontcolour="000000">Demonstrate an understanding of the relations between charges and currents, electric and magnetic fields and fluxes, the notion of scalar and vector potential. Understand and be able to use the main theorems of vector calculus, the notions of gradient,divergence, and curl, Gausss and Stokess theorems, scalar and vector Poissons equations. Demonstrate an understanding of, and be able to use, the methods of computational electromagnetics for calculating capacitances and inductances of components. Demonstrate an understanding of the propagation mechanisms of electromagnetic waves in free space and within materials. Express relations for the electric and magnetic fields within a wave and the power density associated with a wave. Classify materials according to the nature of a wave propagating through them. Determine the interactions of electromagnetic waves at boundaries between materials.</text>

		<text duration="-1" ystart="0.90" starttime="0" xstart="0.90" fontsize="24" font="Century Gothic" fontColour="000000"><b>1</b></text>

		<video sourceFile="MaxwellDemo.mp4" xstart="0.65" ystart="0.18" starttime="0" duration="-1" loop="true" width="1" height="1" />

		<audio sourceFile="zap.wav" starttime="0" duration="3" loop="false" />
		
    </slide>

    <slide slideID="1" duration="5000" nextSlide="2">
	
		<text duration="-1" ystart="0.05" starttime="0" xstart="0.05" fontsize="28" font="Century Gothic" fontColour="000000"><b>Module Title:</b> Electromagnetic Fields and Waves</text>
		
		<text duration="-1" ystart="0.18" starttime="0" xstart="0.05" fontsize="28" font="Century Gothic" fontcolour="000000"><b>Constraints:</b></text>
		
		<text duration="-1" ystart="0.23" starttime="0" xstart="0.07" fontsize="22" font="Century Gothic" fontcolour="000000"><b>-Pre-requisite modules:</b> Core Stage 2 Modules</text>
		
		<text duration="-1" ystart="0.32" starttime="0" xstart="0.07" fontsize="22" font="Century Gothic" fontcolour="000000"><b>-Co-requisite modules:</b> None</text>
		
		<text duration="-1" ystart="0.41" starttime="0" xstart="0.07" fontsize="22" font="Century Gothic" fontcolour="000000"><b>-Prohibited combinations:</b> None</text>
		
		<text duration="-1" ystart="0.50" starttime="0" xstart="0.07" fontsize="22" font="Century Gothic" fontcolour="000000"><b>-Shared teaching:</b> None</text>

		<text duration="-1" ystart="0.54" starttime="0" xstart="0.54" fontsize="28" font="Century Gothic" fontcolour="000000"><b>Breakdown of Module workload:</b></text>
		
		<text duration="-1" ystart="0.59" starttime="0" xstart="0.56" fontsize="22" font="Century Gothic" fontcolour="000000"><b>Lectures:</b> 27 hours</text>
		
		<text duration="-1" ystart="0.64" starttime="0" xstart="0.56" fontsize="22" font="Century Gothic" fontcolour="000000"><b>Practicals:</b> 3 hours</text>
		
		<text duration="-1" ystart="0.69" starttime="0" xstart="0.56" fontsize="22" font="Century Gothic" fontcolour="000000"><b>Workshops:</b> 4 hours</text>
		
		<text duration="-1" ystart="0.74" starttime="0" xstart="0.56" fontsize="22" font="Century Gothic" fontcolour="000000"><b>Tutorials:</b> 0 hours</text>

		<text duration="-1" ystart="0.79" starttime="0" xstart="0.56" fontsize="22" font="Century Gothic" fontcolour="000000"><b>Supervision:</b> 0 hours</text>
		
		<text duration="-1" ystart="0.84" starttime="0" xstart="0.56" fontsize="22" font="Century Gothic" fontcolour="000000"><b>Private Study:</b> 64.5 hours</text>
		
		<text duration="-1" ystart="0.89" starttime="0" xstart="0.56" fontsize="22" font="Century Gothic" fontcolour="000000"><b>Assessment:</b> 1.5 hours</text>

		<text duration="-1" ystart="0.90" starttime="0" xstart="0.90" fontsize="28" font="Century Gothic" fontcolour="000000"><b>2</b></text>

		<image sourceFile="Charge.jpg" starttime="0" duration="300000" xstart="0.10" ystart="0.57" width="0.25" height="0.4" />

		<image sourceFile="Maxwell.jpg" starttime="0" duration="300000" xstart="0.57" ystart="0.15" width="0.32" height="0.35" />

		<audio sourceFile="zap.wav" starttime="0" duration="3" loop="false" />

		
    </slide>	

    <slide slideID="2" duration="5000" nextSlide="3">
	
		<text duration="-1" ystart="0.05" starttime="0" xstart="0.05" fontsize="28" font="Century Gothic" fontColour="000000"><b>Module Title:</b> Electromagnetic Fields and Waves</text>

		<text duration="-1" ystart="0.18" starttime="0" xstart="0.05" fontsize="28" font="Century Gothic" fontcolour="000000"><b>Further information about module content:</b></text>

		<text duration="-1" ystart="0.22" starttime="0" xstart="0.05" fontsize="22" font="Century Gothic" fontcolour="000000">Review of electric and magnetic fields. Gauss Law. Amperes and Faradays Laws. Displacement Current. Dielectrics. Boundary conditions.
Introduction to Vector calculus. Div, grad, curl. Poissons and Laplaces Equations.
Magnetic materials. Magnetic circuits. Magnetic data storage.
Maxwells Equations.
Vector wave equation. Waves in free space. Poynting vector. Polarisation.
Waves in materials; their classification into perfect dielectrics, lossy dielectrics and good conductors; attenuation and dispersion in lossy materials.
Reflection and transmission of waves at interfaces.
Applications of electromagnetic waves in engineering systems.
</text>

		<text duration="-1" ystart="0.90" starttime="0" xstart="0.90" fontsize="28" font="Century Gothic" fontcolour="000000"><b>3</b></text>

		<audio sourceFile="zap.wav" starttime="0" duration="3" loop="false" />

		
    </slide>
	
    <slide slideID="3" duration="5000" nextSlide="4">

		<text duration="-1" ystart="0.05" starttime="0" xstart="0.05" fontsize="28" font="Century Gothic" fontColour="000000"><b>Module Title:</b> Electromagnetic Fields and Waves</text>
		
		<text duration="-1" ystart="0.20" starttime="0" xstart="0.05" fontsize="28" font="Century Gothic" fontColour="000000"><b>Assessment:</b></text>

		<text duration="-1" ystart="0.24" starttime="0" xstart="0.05" fontsize="22" font="Century Gothic" fontColour="000000">Exam - Electromagnetic Fields and Waves - 100%</text>

		<text duration="-1" ystart="0.45" starttime="0" xstart="0.05" fontsize="28" font="Century Gothic" fontColour="000000"><b>Feedback to Students:</b></text>

		<text duration="-1" ystart="0.49" starttime="0" xstart="0.05" fontsize="22" font="Century Gothic" fontColour="000000">Exam comments, marked lab reports, returned essay.</text>

		<text duration="-1" ystart="0.70" starttime="0" xstart="0.05" fontsize="28" font="Century Gothic" fontColour="000000"><b>Reading List:</b></text>

		<text duration="-1" ystart="0.74" starttime="0" xstart="0.05" fontsize="22" font="Century Gothic" fontColour="000000">Ulaby, FT, Fundamentals of applied electromagnetics, Prentice Hall, 2001. ISBN 0130329312
Edminister, J, Electromagnetics, McGraw-Hill, 2nd Edition, 1993. ISBN 0-07-018993-5.
Fleisch, D, A students Guide to Maxwells Equations, Cambridge University Press, 2008.  ISBN 978-0-521-70147-1</text>

		<text duration="-1" ystart="0.90" starttime="0" xstart="0.90" fontsize="24" font="Century Gothic" fontColour="000000"><b>4</b></text>

		<audio sourceFile="zap.wav" starttime="0" duration="3" loop="false" />


		
    </slide>	
</Presentation>