<?xml version="1.0" encoding="UTF-8"?>
<Presentation xmlns:xsi="http://www.w3.org/2001/XMLSchema-instance" xsi:noNamespaceSchemaLocation="PWS.xsd">

    <documentInfo>
	
        <Title>Signals and Systems</Title>
		
        <Author>Woolly Hat Software</Author>
		
        <Version>v1.0</Version>
			
        <Comment>Slide populated by RW, tested, edited and collated by MS</Comment>
		
    </documentInfo>
	
    <defaults>
	
        <backgroundColour>DDFFDD</backgroundColour>
		
        <font>Arial</font>
		
        <fontsize>12</fontsize>
		
        <fontColour>000000</fontColour>
		
        <lineColour>FF0000</lineColour>
		
        <fillColour>DDDDFF</fillColour>
		
    </defaults>

    <slide slideID="0" duration="5" nextSlide="1">
	
		<text duration="-1" ystart="0.05" starttime="0" xstart="0.05" fontsize="14" font="Arial" fontColour="000000"><b>Module Title:</b> Signals and Systems
<b>Module Code:</b>ELE00001I</text>
		
		<text duration="-1" ystart="0.18" starttime="0" xstart="0.05" fontsize="11" font="Arial" fontColour="000000"><b>Stream:</b> Electronics and Electromagnetics</text>

		<text duration="-1" ystart="0.23" starttime="0" xstart="0.05" fontsize="11" font="Arial" fontColour="000000"><b>Credit Value:</b> 20</text>

		<text duration="-1" ystart="0.28" starttime="0" xstart="0.05" fontsize="11" font="Arial" fontColour="000000"><b>Module Co-ordinator:</b> Dr David Halliday</text>
		
		<text duration="-1" ystart="0.33" starttime="0" xstart="0.05" fontsize="11" font="Arial" fontColour="000000"><b>Other Teaching Staff:</b> Dr John Szymanski</text>
			
		<text duration="-1" ystart="0.38" starttime="0" xstart="0.05" fontsize="11" font="Arial" fontColour="000000"><b>Teaching Cycle:</b> Autumn term. Annually taught.</text>

		<text duration="-1" ystart="0.43" starttime="0" xstart="0.05" fontsize="11" font="Arial" fontColour="000000"><b>Indicative JACS code:</b> H600 (Electronic Engineering)</text>

		<text duration="-1" ystart="0.52" starttime="0" xstart="0.05" fontsize="14" font="Arial" fontcolour="000000"><b>Module aims:</b></text>

		<text duration="-1" ystart="0.57" starttime="0" xstart="0.05" fontsize="11" font="Arial" fontcolour="000000">To introduce the techniques of multivariable calculus to support applied modules in areas such as networks, electromagnetic fields and control theory.
To provide an appropriate introduction to the Laplace transform as a tool to support linear systems theory.
To develop an awareness and understanding of the use of Fourier Transform, Fourier Series, Convolution and Correlation techniques to the study of signals and linear systems.</text>

		<text duration="-1" ystart="0.74" starttime="0" xstart="0.05" fontsize="14" font="Arial" fontcolour="000000"><b>Module learning outcomes:</b></text>
		
		<text duration="-1" ystart="0.79" starttime="0" xstart="0.05" fontsize="11" font="Arial" fontcolour="000000">Understand the use of calculus for two- and three-dimensional problems. Evaluate total derivatives and multiple integrals in two or more variables. Change variables and transform the way in which a multidimesional problem is viewed. Use the Laplace transform in the analysis and characterisation of linear, time-invariant systems. Understand the limitations of the Laplace transform in the context of engineering problems. Compare and contrast the Laplace and Fourier transforms in an engineering context. Demonstrate an understanding of Fourier Series and Fourier Transform techniques.</text>

		<text duration="-1" ystart="0.90" starttime="0" xstart="0.90" fontsize="12" font="Arial" fontColour="000000"><b>1</b></text>

		<video sourceFile="LaplaceIntro.mp4" xstart="0.65" ystart="0.18" starttime="0" duration="-1" loop="true" width="1" height="1" />

		<audio sourceFile="zap.wav" starttime="0" duration="3" loop="false" />
		
    </slide>	

    <slide slideID="1" duration="5" nextSlide="2">
	
		<text duration="-1" ystart="0.05" starttime="0" xstart="0.05" fontsize="14" font="Arial" fontColour="000000"><b>Module Title:</b> Signals and Systems</text>
		
		<text duration="-1" ystart="0.18" starttime="0" xstart="0.05" fontsize="14" font="Arial" fontcolour="000000"><b>Constraints:</b></text>
		
		<text duration="-1" ystart="0.23" starttime="0" xstart="0.07" fontsize="11" font="Arial" fontcolour="000000"><b>-Pre-requisite modules:</b> Stage 1: Maths and Programming, 
Analogue Electronics</text>
		
		<text duration="-1" ystart="0.32" starttime="0" xstart="0.07" fontsize="11" font="Arial" fontcolour="000000"><b>-Co-requisite modules:</b> None</text>
		
		<text duration="-1" ystart="0.41" starttime="0" xstart="0.07" fontsize="11" font="Arial" fontcolour="000000"><b>-Prohibited combinations:</b> None</text>
		
		<text duration="-1" ystart="0.50" starttime="0" xstart="0.07" fontsize="11" font="Arial" fontcolour="000000"><b>-Shared teaching:</b> None</text>

		<text duration="-1" ystart="0.54" starttime="0" xstart="0.54" fontsize="14" font="Arial" fontcolour="000000"><b>Breakdown of Module workload:</b></text>
		
		<text duration="-1" ystart="0.59" starttime="0" xstart="0.56" fontsize="11" font="Arial" fontcolour="000000"><b>Lectures:</b> 54 hours</text>
		
		<text duration="-1" ystart="0.64" starttime="0" xstart="0.56" fontsize="11" font="Arial" fontcolour="000000"><b>Practicals:</b> 0 hours</text>
		
		<text duration="-1" ystart="0.69" starttime="0" xstart="0.56" fontsize="11" font="Arial" fontcolour="000000"><b>Workshops:</b> 8 hours</text>
		
		<text duration="-1" ystart="0.74" starttime="0" xstart="0.56" fontsize="11" font="Arial" fontcolour="000000"><b>Tutorials:</b> 0 hours</text>

		<text duration="-1" ystart="0.79" starttime="0" xstart="0.56" fontsize="11" font="Arial" fontcolour="000000"><b>Supervision:</b> 0 hours</text>
		
		<text duration="-1" ystart="0.84" starttime="0" xstart="0.56" fontsize="11" font="Arial" fontcolour="000000"><b>Private Study:</b> 135 hours</text>
		
		<text duration="-1" ystart="0.89" starttime="0" xstart="0.56" fontsize="11" font="Arial" fontcolour="000000"><b>Assessment:</b> 3 hours</text>

		<text duration="-1" ystart="0.90" starttime="0" xstart="0.90" fontsize="14" font="Arial" fontcolour="000000"><b>2</b></text>

		<image sourceFile="Laplace.jpg" starttime="0" duration="300000" xstart="0.10" ystart="0.62" width="0.25" height="0.3" />

		<image sourceFile="Fourier.jpg" starttime="0" duration="300000" xstart="0.62" ystart="0.15" width="0.25" height="0.3" />

		<audio sourceFile="zap.wav" starttime="0" duration="3" loop="false" />

		
    </slide>

    <slide slideID="2" duration="5" nextSlide="3">
	
		<text duration="-1" ystart="0.05" starttime="0" xstart="0.05" fontsize="14" font="Arial" fontColour="000000"><b>Module Title:</b> Signals and Systems</text>

		<text duration="-1" ystart="0.18" starttime="0" xstart="0.05" fontsize="14" font="Arial" fontcolour="000000"><b>Further information about module content:</b></text>

		<text duration="-1" ystart="0.22" starttime="0" xstart="0.05" fontsize="11" font="Arial" fontcolour="000000"><b>Fourier:</b>
Applications of signal processing and the transform approach.  Signal analysis and synthesis, Fourier series; trigonometric form, exponential form; generalised orthogonal functions; waveform symmetries; odd and even functions, half-wave symmetry, Parsevals theorem; Fourier transform for aperiodic signals. Fourier transform theorems; convolution; correlation, power spectra, application and use of tables.  Linear, time-invariant systems; frequency response, impulse response;  system identification.
<b>Laplace:</b>
Definitions, integral definition, the inverse transform; functions and operations; Transform of simple time functions, transform of operations - differentiation and integration; transients in circuits and systems, notion of system functions derived from differential equations describing a system, analysis of simple circuits; Laplace models for circuit components, inverse transformations through the partial fraction expansion.  Poles and zeros, pole/zero description of a system, the impulse response and its relationship to stability, assessment of the system behaviour from the pole/zero plot; initial and final value theorems, derivations and applications of these important theorems; shifting theorems, the derivation and application of the first and second shifting theorems in the determination of the Laplace transforms of complex time waveforms; convolution.
<b>Multivariable tools:</b>
Partial differentiation - the chain rule, mixed derivatives, total differential, implicit differentiation, geometrical and practical significance; advanced Taylor series expansions - approximations, errors in multivariable systems. 3-dimensional visualisation, solid angle, 3-dimensional co-ordinate systems (Cartesian, polar, spherical, cylindrical), changing between co-ordinate systems, double integrals, triple integrals, change of variables, Jacobians. Vector calculus:  Basic vector calculus, differentiation of vectors, vector fields, scalar fields, line integrals, surface integrals, volume integrals.
</text>

		<text duration="-1" ystart="0.90" starttime="0" xstart="0.90" fontsize="14" font="Arial" fontcolour="000000"><b>3</b></text>

		<audio sourceFile="zap.wav" starttime="0" duration="3" loop="false" />

		
    </slide>	
	
    <slide slideID="3" duration="5" nextSlide="4">

		<text duration="-1" ystart="0.05" starttime="0" xstart="0.05" fontsize="14" font="Arial" fontColour="000000"><b>Module Title:</b> Signals and Systems</text>
		
		<text duration="-1" ystart="0.20" starttime="0" xstart="0.05" fontsize="14" font="Arial" fontColour="000000"><b>Assessment:</b></text>

		<text duration="-1" ystart="0.24" starttime="0" xstart="0.05" fontsize="11" font="Arial" fontColour="000000">Exam - Signals and Systems - 100%</text>

		<text duration="-1" ystart="0.45" starttime="0" xstart="0.05" fontsize="14" font="Arial" fontColour="000000"><b>Feedback to Students:</b></text>

		<text duration="-1" ystart="0.49" starttime="0" xstart="0.05" fontsize="11" font="Arial" fontColour="000000">In class example problems - Complete worked examples and incomplete examples for students to complete. Workshops - Immediate feedback provided to problems raised by individual students. On-line tutorials. Self assessment - Worked solutions provided to all exercises, with intermediate level hints provided to enable student to arrive at solution on their own. Written feedback on the assessments will be given within 4 weeks of the hand-in date.</text>
		
		<text duration="-1" ystart="0.70" starttime="0" xstart="0.05" fontsize="14" font="Arial" fontColour="000000"><b>Reading List:</b></text>

		<text duration="-1" ystart="0.74" starttime="0" xstart="0.05" fontsize="11" font="Arial" fontColour="000000">Mulgrew, B, Grant, P and Thompson, J, Digital Signal Processing: Concepts and Applications, Palgrave Macmillan, 2nd Eidition, ISBN 0-333-96356-3</text>

		<text duration="-1" ystart="0.90" starttime="0" xstart="0.90" fontsize="12" font="Arial" fontColour="000000"><b>4</b></text>

		<audio sourceFile="zap.wav" starttime="0" duration="3" loop="false" />

		
    </slide>	
</Presentation>