<?xml version="1.0" encoding="UTF-8"?>
<Presentation xmlns:xsi="http://www.w3.org/2001/XMLSchema-instance" xsi:noNamespaceSchemaLocation="PWS.xsd">

    <documentInfo>
	
        <Title>Analogue Electronics</Title>
		
        <Author>Woolly Hat Software</Author>
		
        <Version>v1.0</Version>
			
        <Comment>Slide populated by RW, tested, edited and collated by MS</Comment>
		
    </documentInfo>
	
    <defaults>
	
        <backgroundColour>DDFFDD</backgroundColour>
		
        <font>Century Gothic</font>
		
        <fontsize>12</fontsize>
		
        <fontColour>000000</fontColour>
		
        <lineColour>FF0000</lineColour>
		
        <fillColour>DDDDFF</fillColour>
		
    </defaults>

    <slide slideID="0" duration="5000" nextSlide="1">
	
		<text duration="-1" ystart="0.05" starttime="0" xstart="0.05" fontsize="28" font="Century Gothic" fontColour="000000"><b>Module Title:</b> Analogue Electronics
<b>Module Code:</b>ELE00008C</text>
		
		<text duration="-1" ystart="0.18" starttime="0" xstart="0.05" fontsize="22" font="Century Gothic" fontColour="000000"><b>Stream:</b> Electronics and Electromagnetics</text>

		<text duration="-1" ystart="0.23" starttime="0" xstart="0.05" fontsize="22" font="Century Gothic" fontColour="000000"><b>Credit Value:</b> 20</text>

		<text duration="-1" ystart="0.28" starttime="0" xstart="0.05" fontsize="22" font="Century Gothic" fontColour="000000"><b>Module Co-ordinator:</b> Dr John Dawson</text>
		
		<text duration="-1" ystart="0.33" starttime="0" xstart="0.05" fontsize="22" font="Century Gothic" fontColour="000000"><b>Other Teaching Staff:</b> Dr John Szymanski, Dr Steven Johnson, 
Dr Eugene Avrutin, Dr Atsufumi Hirohata, Dr Dave Pearce</text>
			
		<text duration="-1" ystart="0.40" starttime="0" xstart="0.05" fontsize="22" font="Century Gothic" fontColour="000000"><b>Teaching Cycle:</b> Spring and Summer terms. Annually taught.</text>

		<text duration="-1" ystart="0.45" starttime="0" xstart="0.05" fontsize="22" font="Century Gothic" fontColour="000000"><b>Indicative JACS code:</b> H600 (Electronic Engineering)</text>

		<text duration="-1" ystart="0.52" starttime="0" xstart="0.05" fontsize="28" font="Century Gothic" fontcolour="000000"><b>Module aims:</b></text>

		<text duration="-1" ystart="0.57" starttime="0" xstart="0.05" fontsize="22" font="Century Gothic" fontcolour="000000">To provide further circuit analysis skills including frequency and time response
To consider limitations of real operational amplifiers
To provide reinforcement of learning using laboratory investigations
To introduce and develop fluency in mathematical tools suitable for describing circuits and systems</text>

		<text duration="-1" ystart="0.74" starttime="0" xstart="0.05" fontsize="28" font="Century Gothic" fontcolour="000000"><b>Module learning outcomes:</b></text>
		
		<text duration="-1" ystart="0.79" starttime="0" xstart="0.05" fontsize="22" font="Century Gothic" fontcolour="000000">Analyse simple circuits in the time and frequency domains
Explain the operation and limitations of basic operational amplifier circuits
Use a range of mathematical techniques for the analysis of dynamic systems, networks and multiple input and output systems
Build and test the performance of a range of circuit building blocks comparing the results with theory.</text>

		<text duration="-1" ystart="0.90" starttime="0" xstart="0.90" fontsize="24" font="Century Gothic" fontColour="000000"><b>1</b></text>

		<video sourceFile="OpAmp.mp4" xstart="0.65" ystart="0.18" starttime="0" duration="-1" loop="true" width="1" height="1" />

		<audio sourceFile="zap.wav" starttime="0" duration="3" loop="false" />
		
    </slide>

    <slide slideID="1" duration="5000" nextSlide="2">
	
		<text duration="-1" ystart="0.05" starttime="0" xstart="0.05" fontsize="28" font="Century Gothic" fontColour="000000"><b>Module Title:</b> Analogue Electronics</text>
		
		<text duration="-1" ystart="0.18" starttime="0" xstart="0.05" fontsize="28" font="Century Gothic" fontcolour="000000"><b>Constraints:</b></text>
		
		<text duration="-1" ystart="0.23" starttime="0" xstart="0.07" fontsize="22" font="Century Gothic" fontcolour="000000"><b>-Pre-requisite modules:</b> Stage 1: Maths and Programming, 
Introduction to Electronic Hardware</text>
		
		<text duration="-1" ystart="0.32" starttime="0" xstart="0.07" fontsize="22" font="Century Gothic" fontcolour="000000"><b>-Co-requisite modules:</b>None</text>
		
		<text duration="-1" ystart="0.41" starttime="0" xstart="0.07" fontsize="22" font="Century Gothic" fontcolour="000000"><b>-Prohibited combinations:</b>None</text>
		
		<text duration="-1" ystart="0.50" starttime="0" xstart="0.07" fontsize="22" font="Century Gothic" fontcolour="000000"><b>-Shared teaching:</b> Analogue Electronics for 
BSc Music Technology (Stage 2)</text>

		<text duration="-1" ystart="0.54" starttime="0" xstart="0.54" fontsize="28" font="Century Gothic" fontcolour="000000"><b>Breakdown of Module workload:</b></text>
		
		<text duration="-1" ystart="0.59" starttime="0" xstart="0.56" fontsize="22" font="Century Gothic" fontcolour="000000"><b>Lectures:</b> 50 hours</text>
		
		<text duration="-1" ystart="0.64" starttime="0" xstart="0.56" fontsize="22" font="Century Gothic" fontcolour="000000"><b>Practicals:</b> 30 hours</text>
		
		<text duration="-1" ystart="0.69" starttime="0" xstart="0.56" fontsize="22" font="Century Gothic" fontcolour="000000"><b>Workshops:</b> 21 hours</text>
		
		<text duration="-1" ystart="0.74" starttime="0" xstart="0.56" fontsize="22" font="Century Gothic" fontcolour="000000"><b>Tutorials:</b> 0 hours</text>

		<text duration="-1" ystart="0.79" starttime="0" xstart="0.56" fontsize="22" font="Century Gothic" fontcolour="000000"><b>Supervision:</b> 0 hours</text>
		
		<text duration="-1" ystart="0.84" starttime="0" xstart="0.56" fontsize="22" font="Century Gothic" fontcolour="000000"><b>Private Study:</b> 73 hours</text>
		
		<text duration="-1" ystart="0.89" starttime="0" xstart="0.56" fontsize="22" font="Century Gothic" fontcolour="000000"><b>Assessment:</b> 26 hours</text>

		<text duration="-1" ystart="0.90" starttime="0" xstart="0.90" fontsize="28" font="Century Gothic" fontcolour="000000"><b>2</b></text>

		<image sourceFile="PNP.jpg" starttime="0" duration="300000" xstart="0.10" ystart="0.62" width="0.25" height="0.3" />

		<image sourceFile="PNP2.jpg" starttime="0" duration="300000" xstart="0.62" ystart="0.15" width="0.25" height="0.3" />

		<audio sourceFile="zap.wav" starttime="0" duration="3" loop="false" />

		
    </slide>	

    <slide slideID="2" duration="5000" nextSlide="3">
	
		<text duration="-1" ystart="0.05" starttime="0" xstart="0.05" fontsize="28" font="Century Gothic" fontColour="000000"><b>Module Title:</b> Analogue Electronics</text>

		<text duration="-1" ystart="0.18" starttime="0" xstart="0.05" fontsize="28" font="Century Gothic" fontcolour="000000"><b>Further information about module content:</b></text>

		<text duration="-1" ystart="0.22" starttime="0" xstart="0.05" fontsize="22" font="Century Gothic" fontcolour="000000"><b>Operational Amplifiers</b>
Review of operational amplifier circuits;  filters; bandwidth, Bode plots; bias currents; offset voltages; performance specification; input impedance; output impedance; positive feedback.
<b>Circuits</b>
Mesh and Nodal Analysis. Frequency Domain Analysis:  complex representation of sinusoidal signals; phasors, reactance, susceptance and impedance; magnitude and phase response; decibels, Bode plots, poles and zeros. The Maximum Power Transfer Theorem. Power in ac circuits:  real, reactive, and apparent power; power factor and power factor correction and conjugate matching.  Tuned Circuits: Resonance in simple LCR circuits; determination of resonant frequency, Q-factor, bandwidth and dynamic impedance. Time response of RC, RL and LCR circuits.
<b>Digital: AIT
(15 lectures Wks 2 - 10, 6 workshops (Groups A and B separately), 1 lab)</b>
Introduction to: Boolean logic, fundamental and universal logic gates, algebraic rules and theorems; the truth table, the timing diagram, serial data transfer, binary numbers, binary addition, hexadecimal; ASCII, BCD, noise margins, error detection, error correction; combinational logic design, Boolean algebraic simplification, canonical forms, the K-map, prime implicants, minimised sum-of-products, dont-care states, cellular logic, 2s complement arithmetic; the S-R latch, the D-type flip-flop, sequential logic design, the Moore model, the state transition diagram, the next-state table. These fundamental principles will be taught through their application in a variety of electronic hardware, such as the optical mouse, USB interface, TFT display, numerical display, keypad and optical encoder. 
</text>

		<text duration="-1" ystart="0.90" starttime="0" xstart="0.90" fontsize="28" font="Century Gothic" fontcolour="000000"><b>3</b></text>

		<audio sourceFile="zap.wav" starttime="0" duration="3" loop="false" />

		
    </slide>	

    <slide slideID="3" duration="5000" nextSlide="4">
	
		<text duration="-1" ystart="0.05" starttime="0" xstart="0.05" fontsize="28" font="Century Gothic" fontColour="000000"><b>Module Title:</b> Analogue Electronics</text>

		<text duration="-1" ystart="0.18" starttime="0" xstart="0.05" fontsize="28" font="Century Gothic" fontcolour="000000"><b>Further information about module content:</b></text>

		<text duration="-1" ystart="0.22" starttime="0" xstart="0.05" fontsize="22" font="Century Gothic" fontcolour="000000"><b>Mathematics</b>
Supporting Mathematics for dynamic systems, networks and multiple-input, multiple-output systems:
Further integration - integration by parts, partial fractions and integration by partial fractions. Differential equations: first order, second order; free and driven systems - transient and steady state components. Matrices: Circuit network applications; Multiple input/output systems - sets of equations;  definition and properties of matrices and determinants; matrix inverse -  solution of sets of equations; Contradictory or insufficient equations;  Ill- conditioning; The Gaussian elimination algorithm; definition and geometrical properties of vectors; the vector equation of a line. Vector equation of a plane;  Time-varying vectors
<b>Laboratories</b>
Power supplies, RC and RL circuits, Operational Amplifiers and RLC circuits.</text>

		<text duration="-1" ystart="0.90" starttime="0" xstart="0.90" fontsize="28" font="Century Gothic" fontcolour="000000"><b>4</b></text>

		<audio sourceFile="zap.wav" starttime="0" duration="3" loop="false" />

		
    </slide>	
	
    <slide slideID="4" duration="5000" nextSlide="5">

		<text duration="-1" ystart="0.05" starttime="0" xstart="0.05" fontsize="28" font="Century Gothic" fontColour="000000"><b>Module Title:</b> Analogue Electronics</text>
		
		<text duration="-1" ystart="0.20" starttime="0" xstart="0.05" fontsize="28" font="Century Gothic" fontColour="000000"><b>Assessment:</b></text>

		<text duration="-1" ystart="0.24" starttime="0" xstart="0.05" fontsize="22" font="Century Gothic" fontColour="000000">Coursework - Lab Assessment - 25%
Coursework - Assessment Questions - 15%
Exam - Analogue Electronics - 60%</text>

		<text duration="-1" ystart="0.45" starttime="0" xstart="0.05" fontsize="28" font="Century Gothic" fontColour="000000"><b>Feedback to Students:</b></text>

		<text duration="-1" ystart="0.49" starttime="0" xstart="0.05" fontsize="22" font="Century Gothic" fontColour="000000">Weekly workshops - Immediate feedback provided to problems raised by individual students. Assignments will be marked and returned within 4 weeks with appropriate comments. Self assessment - complete worked examples and incomplete examples for students to complete.</text>

		<text duration="-1" ystart="0.70" starttime="0" xstart="0.05" fontsize="28" font="Century Gothic" fontColour="000000"><b>Reading List:</b></text>

		<text duration="-1" ystart="0.74" starttime="0" xstart="0.05" fontsize="22" font="Century Gothic" fontColour="000000">Dorf, RC, Svoboda JA, Wiley, J 2003 Introduction to Electric Circuits. 6th Edition ISBN 0471452335 (hardback).
Stanley, WD, Operational amplifiers with linear integrated circuits, Merrill, 4th Edition, 2001. ISBN 0130320137.
Croft, A, Davison, R and Hargreaves, M, Flint, J. Engineering Mathematics, Prentice Hall, 2012 (4th Edition) ISBN-10: 0273719777, ISBN-13: 978-0273719779.</text>

		<text duration="-1" ystart="0.90" starttime="0" xstart="0.90" fontsize="24" font="Century Gothic" fontColour="000000"><b>5</b></text>

		<audio sourceFile="zap.wav" starttime="0" duration="3" loop="false" />

		
    </slide>	
</Presentation>