<?xml version="1.0" encoding="UTF-8"?>
<Presentation xmlns:xsi="http://www.w3.org/2001/XMLSchema-instance" xsi:noNamespaceSchemaLocation="PWS.xsd">

    <documentInfo>
	
        <Title>Digital Electronics</Title>
		
        <Author>Woolly Hat Software</Author>
		
        <Version>v1.0</Version>
			
        <Comment>Slide populated by RW, tested, edited and collated by MS</Comment>
		
    </documentInfo>
	
    <defaults>
	
        <backgroundColour>DDFFDD</backgroundColour>
		
        <font>Arial</font>
		
        <fontsize>12</fontsize>
		
        <fontColour>000000</fontColour>
		
        <lineColour>FF0000</lineColour>
		
        <fillColour>DDDDFF</fillColour>
		
    </defaults>

    <slide slideID="0" duration="5000" nextSlide="1">
	
		<text duration="-1" ystart="0.05" starttime="0" xstart="0.05" fontsize="28" font="Century Gothic" fontColour="000000"><b>Module Title:</b> Digital Electronics
<b>Module Code:</b>ELE00005C</text>
		
		<text duration="-1" ystart="0.18" starttime="0" xstart="0.05" fontsize="22" font="Century Gothic" fontColour="000000"><b>Stream:</b> Digital and Computing</text>

		<text duration="-1" ystart="0.23" starttime="0" xstart="0.05" fontsize="22" font="Century Gothic" fontColour="000000"><b>Credit Value:</b> 20</text>

		<text duration="-1" ystart="0.28" starttime="0" xstart="0.05" fontsize="22" font="Century Gothic" fontColour="000000"><b>Module Co-ordinator:</b> Dr Ruwan Gajaweera</text>
		
		<text duration="-1" ystart="0.33" starttime="0" xstart="0.05" fontsize="22" font="Century Gothic" fontColour="000000"><b>Other Teaching Staff:</b> Dr Dave Pearce, Mr Andrew Turner</text>
			
		<text duration="-1" ystart="0.38" starttime="0" xstart="0.05" fontsize="22" font="Century Gothic" fontColour="000000"><b>Teaching Cycle:</b> Spring and Summer terms. Annually taught.</text>

		<text duration="-1" ystart="0.43" starttime="0" xstart="0.05" fontsize="22" font="Century Gothic" fontColour="000000"><b>Indicative JACS code:</b> H600 (Electronic Engineering)</text>

		<text duration="-1" ystart="0.52" starttime="0" xstart="0.05" fontsize="28" font="Century Gothic" fontcolour="000000"><b>Module aims:</b></text>

		<text duration="-1" ystart="0.57" starttime="0" xstart="0.05" fontsize="22" font="Century Gothic" fontcolour="000000">Introduce basic combinational and sequential logic design. Introduce programmable logic, memory devices, MSI modules and the design of synchronous and asynchronous systems. Introduce elementary architectural components of computer systems. Introduce the relationship between architectures and programming techniques. Provide reinforcement of learning using laboratory investigations. Introduce object oriented computer programming</text>

		<text duration="-1" ystart="0.74" starttime="0" xstart="0.05" fontsize="28" font="Century Gothic" fontcolour="000000"><b>Module learning outcomes:</b></text>
		
		<text duration="-1" ystart="0.79" starttime="0" xstart="0.05" fontsize="22" font="Century Gothic" fontcolour="000000">Write programs for interfacing applications. Implement designs on programmable logic. Design interface and control circuits. Know when to use such standard logic or programmable logic; ROM or RAM; partial or full decoding. Design medium scale digital systems using components from standard families. Evaluate the comparative benefits of two or more design solutions. Employ timing diagrams in the evaluation and testing of digital systems. Demonstrate the ability to design programs in an object oriented programming language</text>

		<text duration="-1" ystart="0.90" starttime="0" xstart="0.90" fontsize="24" font="Century Gothic" fontColour="000000"><b>1</b></text>

		<video sourceFile="Inheritance.mp4" xstart="0.65" ystart="0.18" starttime="0" duration="-1" loop="true" width="1" height="1" />

		<audio sourceFile="zap.wav" starttime="0" duration="3" loop="false" />
		
    </slide>	

    <slide slideID="1" duration="5000" nextSlide="2">
	
		<text duration="-1" ystart="0.05" starttime="0" xstart="0.05" fontsize="28" font="Century Gothic" fontColour="000000"><b>Module Title:</b> Digital Electronics</text>
		
		<text duration="-1" ystart="0.18" starttime="0" xstart="0.05" fontsize="28" font="Century Gothic" fontcolour="000000"><b>Constraints:</b></text>
		
		<text duration="-1" ystart="0.23" starttime="0" xstart="0.07" fontsize="22" font="Century Gothic" fontcolour="000000"><b>-Pre-requisite modules:</b> Stage 1: 
Introduction to Electonic Hardware, 
Maths and Programming</text>
		
		<text duration="-1" ystart="0.32" starttime="0" xstart="0.07" fontsize="22" font="Century Gothic" fontcolour="000000"><b>-Co-requisite modules:</b> None</text>
		
		<text duration="-1" ystart="0.41" starttime="0" xstart="0.07" fontsize="22" font="Century Gothic" fontcolour="000000"><b>-Prohibited combinations:</b> None</text>
		
		<text duration="-1" ystart="0.50" starttime="0" xstart="0.07" fontsize="22" font="Century Gothic" fontcolour="000000"><b>-Shared teaching:</b> Taken alongside Java Programming 
ELE00025I for BSc Stage 2 Music Technology</text>

		<text duration="-1" ystart="0.54" starttime="0" xstart="0.54" fontsize="28" font="Century Gothic" fontcolour="000000"><b>Breakdown of Module workload:</b></text>
		
		<text duration="-1" ystart="0.59" starttime="0" xstart="0.56" fontsize="22" font="Century Gothic" fontcolour="000000"><b>Lectures:</b> 27 hours</text>
		
		<text duration="-1" ystart="0.64" starttime="0" xstart="0.56" fontsize="22" font="Century Gothic" fontcolour="000000"><b>Practicals:</b> 60 hours</text>
		
		<text duration="-1" ystart="0.69" starttime="0" xstart="0.56" fontsize="22" font="Century Gothic" fontcolour="000000"><b>Workshops:</b> 4 hours</text>
		
		<text duration="-1" ystart="0.74" starttime="0" xstart="0.56" fontsize="22" font="Century Gothic" fontcolour="000000"><b>Tutorials:</b> 0 hours</text>

		<text duration="-1" ystart="0.79" starttime="0" xstart="0.56" fontsize="22" font="Century Gothic" fontcolour="000000"><b>Supervision:</b> 0 hours</text>
		
		<text duration="-1" ystart="0.84" starttime="0" xstart="0.56" fontsize="22" font="Century Gothic" fontcolour="000000"><b>Private Study:</b> 81 hours</text>
		
		<text duration="-1" ystart="0.89" starttime="0" xstart="0.56" fontsize="22" font="Century Gothic" fontcolour="000000"><b>Assessment:</b> 28 hours</text>

		<text duration="-1" ystart="0.90" starttime="0" xstart="0.90" fontsize="28" font="Century Gothic" fontcolour="000000"><b>2</b></text>

		<image sourceFile="Sequential.jpg" starttime="0" duration="300000" xstart="0.10" ystart="0.62" width="0.25" height="0.3" />

		<image sourceFile="instanceof.jpg" starttime="0" duration="300000" xstart="0.62" ystart="0.15" width="0.25" height="0.3" />

		<audio sourceFile="zap.wav" starttime="0" duration="3" loop="false" />

		
    </slide>	

    <slide slideID="2" duration="5000" nextSlide="3">
	
		<text duration="-1" ystart="0.05" starttime="0" xstart="0.05" fontsize="28" font="Century Gothic" fontColour="000000"><b>Module Title:</b> Digital Electonics</text>

		<text duration="-1" ystart="0.18" starttime="0" xstart="0.05" fontsize="28" font="Century Gothic" fontcolour="000000"><b>Further information about module content:</b></text>

		<text duration="-1" ystart="0.22" starttime="0" xstart="0.05" fontsize="22" font="Century Gothic" fontcolour="000000"><b>Digital Electronics: Components</b>
Versatile MSI logic components, their design and application:  synchronous and asynchronous counters, multiplexers and de-multiplexers, binary arithmetic functions.  Timing diagrams, testability and problems associated with cascading MSI components.
LSI devices:  simple array devices:  PLA, FPGA; memory structures:  static and dynamic memory; applications.  Tri-state logic. Schematic entry. Synchronous and asynchronous system design principles and their applications.  Finite state designs:  simple examples using FSM, micro-coded structures, advanced FSM design concepts. Principles of simple data path architectures.
<b>Introduction to Object Oriented Computer Programming:</b>
Introduce object oriented programming and simple user interface design using the Java programming language.</text>

		<text duration="-1" ystart="0.90" starttime="0" xstart="0.90" fontsize="28" font="Century Gothic" fontcolour="000000"><b>3</b></text>

		<audio sourceFile="zap.wav" starttime="0" duration="3" loop="false" />

		
    </slide>
	
    <slide slideID="3" duration="5000" nextSlide="4">

		<text duration="-1" ystart="0.05" starttime="0" xstart="0.05" fontsize="28" font="Century Gothic" fontColour="000000"><b>Module Title:</b> Digital Electronics</text>
		
		<text duration="-1" ystart="0.20" starttime="0" xstart="0.05" fontsize="28" font="Century Gothic" fontColour="000000"><b>Assessment:</b></text>

		<text duration="-1" ystart="0.24" starttime="0" xstart="0.05" fontsize="22" font="Century Gothic" fontColour="000000">Coursework - Java Programming - 50%
Coursework - Questions - 10%
Coursework - Lab Asssessment - 20%
Exam - Digital Electronics - 20%</text>

		<text duration="-1" ystart="0.45" starttime="0" xstart="0.05" fontsize="28" font="Century Gothic" fontColour="000000"><b>Feedback to Students:</b></text>

		<text duration="-1" ystart="0.49" starttime="0" xstart="0.05" fontsize="22" font="Century Gothic" fontColour="000000">Digital Electronics: General feedback in workshops, Lab report having marks and detailed comments handed back within 4 weeks of hand-in. For the closed book examination, general written feedback will be provided to the cohort. Java assignments will be marked and returned within 4 weeks.</text>

		<text duration="-1" ystart="0.70" starttime="0" xstart="0.05" fontsize="28" font="Century Gothic" fontColour="000000"><b>Reading List:</b></text>

		<text duration="-1" ystart="0.74" starttime="0" xstart="0.05" fontsize="22" font="Century Gothic" fontColour="000000">Wakerly, John F, Digital Design Principles and Practices, 4th Edition; 2006, Prentice Hall, ISBN 0131863894.
Douglas Bell and Mike Parr, Java for Students, sixth Edition, Prentice Hall, ISBN - 10: 027373122X, ISBN-13 978-0273731221.</text>

		<text duration="-1" ystart="0.90" starttime="0" xstart="0.90" fontsize="24" font="Century Gothic" fontColour="000000"><b>4</b></text>

		<audio sourceFile="zap.wav" starttime="0" duration="3" loop="false" />

		
    </slide>	
</Presentation>